Nume,Prenume,Adresa Emaile,Parola,Tip card,Numar Card,
Alex,Andrei,Alex.Andrei@yahoo.com,123456,MasterCard,3562541,
Bogdan,Gigi,bogig@yahoo.com,126534,MasterCard,654785,
Cristian,Popi,critianpop@yahoo.com,36215545,MasterCard,78652145,
Ion,Ionut,ionion@yahoo.com,asdaf69548,Visa,71452113,
Tomy,Tomy,Tomy@yahoo.com,asdasd125,Fara card,Fara card,
Ionel,Gheorghe,iongheo@yahoo.com,123456,Fara card,Fara card,
Frank,FranFrank,frank@yahoo.ro,123456,Fara card,Fara card,
Frank,FrankFrank,frank@yahoo.com,1234566,MasterCard,1256632545217856,